<?xml version="1.0" encoding="utf-8"?><feed xmlns="http://www.w3.org/2005/Atom" ><generator uri="https://jekyllrb.com/" version="3.7.3">Jekyll</generator><link href="http://localhost:4000/test/feed.xml" rel="self" type="application/atom+xml" /><link href="http://localhost:4000/test/" rel="alternate" type="text/html" /><updated>2018-04-24T18:51:35-04:00</updated><id>http://localhost:4000/test/</id><title type="html">Pigeoncoin</title><subtitle>Messaging and payments for everyone. Security by Blockchain.
</subtitle></feed>